--
-- PostgreSQL database dump
--

-- Dumped from database version 16.6 (Ubuntu 16.6-0ubuntu0.24.04.1)
-- Dumped by pg_dump version 16.6 (Ubuntu 16.6-0ubuntu0.24.04.1)

SET statement_timeout = 0;
SET lock_timeout = 0;
SET idle_in_transaction_session_timeout = 0;
SET client_encoding = 'UTF8';
SET standard_conforming_strings = on;
SELECT pg_catalog.set_config('search_path', '', false);
SET check_function_bodies = false;
SET xmloption = content;
SET client_min_messages = warning;
SET row_security = off;

SET default_tablespace = '';

SET default_table_access_method = heap;

--
-- Name: accounts_customuser; Type: TABLE; Schema: public; Owner: artem
--

CREATE TABLE public.accounts_customuser (
    id bigint NOT NULL,
    password character varying(128) NOT NULL,
    last_login timestamp with time zone,
    is_superuser boolean NOT NULL,
    username character varying(150) NOT NULL,
    first_name character varying(150) NOT NULL,
    last_name character varying(150) NOT NULL,
    email character varying(254) NOT NULL,
    is_staff boolean NOT NULL,
    is_active boolean NOT NULL,
    date_joined timestamp with time zone NOT NULL
);


ALTER TABLE public.accounts_customuser OWNER TO artem;

--
-- Name: accounts_customuser_groups; Type: TABLE; Schema: public; Owner: artem
--

CREATE TABLE public.accounts_customuser_groups (
    id bigint NOT NULL,
    customuser_id bigint NOT NULL,
    group_id integer NOT NULL
);


ALTER TABLE public.accounts_customuser_groups OWNER TO artem;

--
-- Name: accounts_customuser_groups_id_seq; Type: SEQUENCE; Schema: public; Owner: artem
--

ALTER TABLE public.accounts_customuser_groups ALTER COLUMN id ADD GENERATED BY DEFAULT AS IDENTITY (
    SEQUENCE NAME public.accounts_customuser_groups_id_seq
    START WITH 1
    INCREMENT BY 1
    NO MINVALUE
    NO MAXVALUE
    CACHE 1
);


--
-- Name: accounts_customuser_id_seq; Type: SEQUENCE; Schema: public; Owner: artem
--

ALTER TABLE public.accounts_customuser ALTER COLUMN id ADD GENERATED BY DEFAULT AS IDENTITY (
    SEQUENCE NAME public.accounts_customuser_id_seq
    START WITH 1
    INCREMENT BY 1
    NO MINVALUE
    NO MAXVALUE
    CACHE 1
);


--
-- Name: accounts_customuser_user_permissions; Type: TABLE; Schema: public; Owner: artem
--

CREATE TABLE public.accounts_customuser_user_permissions (
    id bigint NOT NULL,
    customuser_id bigint NOT NULL,
    permission_id integer NOT NULL
);


ALTER TABLE public.accounts_customuser_user_permissions OWNER TO artem;

--
-- Name: accounts_customuser_user_permissions_id_seq; Type: SEQUENCE; Schema: public; Owner: artem
--

ALTER TABLE public.accounts_customuser_user_permissions ALTER COLUMN id ADD GENERATED BY DEFAULT AS IDENTITY (
    SEQUENCE NAME public.accounts_customuser_user_permissions_id_seq
    START WITH 1
    INCREMENT BY 1
    NO MINVALUE
    NO MAXVALUE
    CACHE 1
);


--
-- Name: accounts_userprofile; Type: TABLE; Schema: public; Owner: artem
--

CREATE TABLE public.accounts_userprofile (
    id bigint NOT NULL,
    bio text,
    avatar character varying(100),
    date_of_birth date,
    location character varying(100) NOT NULL,
    user_id bigint NOT NULL
);


ALTER TABLE public.accounts_userprofile OWNER TO artem;

--
-- Name: accounts_userprofile_id_seq; Type: SEQUENCE; Schema: public; Owner: artem
--

ALTER TABLE public.accounts_userprofile ALTER COLUMN id ADD GENERATED BY DEFAULT AS IDENTITY (
    SEQUENCE NAME public.accounts_userprofile_id_seq
    START WITH 1
    INCREMENT BY 1
    NO MINVALUE
    NO MAXVALUE
    CACHE 1
);


--
-- Name: auth_group; Type: TABLE; Schema: public; Owner: artem
--

CREATE TABLE public.auth_group (
    id integer NOT NULL,
    name character varying(150) NOT NULL
);


ALTER TABLE public.auth_group OWNER TO artem;

--
-- Name: auth_group_id_seq; Type: SEQUENCE; Schema: public; Owner: artem
--

ALTER TABLE public.auth_group ALTER COLUMN id ADD GENERATED BY DEFAULT AS IDENTITY (
    SEQUENCE NAME public.auth_group_id_seq
    START WITH 1
    INCREMENT BY 1
    NO MINVALUE
    NO MAXVALUE
    CACHE 1
);


--
-- Name: auth_group_permissions; Type: TABLE; Schema: public; Owner: artem
--

CREATE TABLE public.auth_group_permissions (
    id bigint NOT NULL,
    group_id integer NOT NULL,
    permission_id integer NOT NULL
);


ALTER TABLE public.auth_group_permissions OWNER TO artem;

--
-- Name: auth_group_permissions_id_seq; Type: SEQUENCE; Schema: public; Owner: artem
--

ALTER TABLE public.auth_group_permissions ALTER COLUMN id ADD GENERATED BY DEFAULT AS IDENTITY (
    SEQUENCE NAME public.auth_group_permissions_id_seq
    START WITH 1
    INCREMENT BY 1
    NO MINVALUE
    NO MAXVALUE
    CACHE 1
);


--
-- Name: auth_permission; Type: TABLE; Schema: public; Owner: artem
--

CREATE TABLE public.auth_permission (
    id integer NOT NULL,
    name character varying(255) NOT NULL,
    content_type_id integer NOT NULL,
    codename character varying(100) NOT NULL
);


ALTER TABLE public.auth_permission OWNER TO artem;

--
-- Name: auth_permission_id_seq; Type: SEQUENCE; Schema: public; Owner: artem
--

ALTER TABLE public.auth_permission ALTER COLUMN id ADD GENERATED BY DEFAULT AS IDENTITY (
    SEQUENCE NAME public.auth_permission_id_seq
    START WITH 1
    INCREMENT BY 1
    NO MINVALUE
    NO MAXVALUE
    CACHE 1
);


--
-- Name: django_admin_log; Type: TABLE; Schema: public; Owner: artem
--

CREATE TABLE public.django_admin_log (
    id integer NOT NULL,
    action_time timestamp with time zone NOT NULL,
    object_id text,
    object_repr character varying(200) NOT NULL,
    action_flag smallint NOT NULL,
    change_message text NOT NULL,
    content_type_id integer,
    user_id bigint NOT NULL,
    CONSTRAINT django_admin_log_action_flag_check CHECK ((action_flag >= 0))
);


ALTER TABLE public.django_admin_log OWNER TO artem;

--
-- Name: django_admin_log_id_seq; Type: SEQUENCE; Schema: public; Owner: artem
--

ALTER TABLE public.django_admin_log ALTER COLUMN id ADD GENERATED BY DEFAULT AS IDENTITY (
    SEQUENCE NAME public.django_admin_log_id_seq
    START WITH 1
    INCREMENT BY 1
    NO MINVALUE
    NO MAXVALUE
    CACHE 1
);


--
-- Name: django_content_type; Type: TABLE; Schema: public; Owner: artem
--

CREATE TABLE public.django_content_type (
    id integer NOT NULL,
    app_label character varying(100) NOT NULL,
    model character varying(100) NOT NULL
);


ALTER TABLE public.django_content_type OWNER TO artem;

--
-- Name: django_content_type_id_seq; Type: SEQUENCE; Schema: public; Owner: artem
--

ALTER TABLE public.django_content_type ALTER COLUMN id ADD GENERATED BY DEFAULT AS IDENTITY (
    SEQUENCE NAME public.django_content_type_id_seq
    START WITH 1
    INCREMENT BY 1
    NO MINVALUE
    NO MAXVALUE
    CACHE 1
);


--
-- Name: django_migrations; Type: TABLE; Schema: public; Owner: artem
--

CREATE TABLE public.django_migrations (
    id bigint NOT NULL,
    app character varying(255) NOT NULL,
    name character varying(255) NOT NULL,
    applied timestamp with time zone NOT NULL
);


ALTER TABLE public.django_migrations OWNER TO artem;

--
-- Name: django_migrations_id_seq; Type: SEQUENCE; Schema: public; Owner: artem
--

ALTER TABLE public.django_migrations ALTER COLUMN id ADD GENERATED BY DEFAULT AS IDENTITY (
    SEQUENCE NAME public.django_migrations_id_seq
    START WITH 1
    INCREMENT BY 1
    NO MINVALUE
    NO MAXVALUE
    CACHE 1
);


--
-- Name: django_session; Type: TABLE; Schema: public; Owner: artem
--

CREATE TABLE public.django_session (
    session_key character varying(40) NOT NULL,
    session_data text NOT NULL,
    expire_date timestamp with time zone NOT NULL
);


ALTER TABLE public.django_session OWNER TO artem;

--
-- Data for Name: accounts_customuser; Type: TABLE DATA; Schema: public; Owner: artem
--

COPY public.accounts_customuser (id, password, last_login, is_superuser, username, first_name, last_name, email, is_staff, is_active, date_joined) FROM stdin;
1	pbkdf2_sha256$870000$ziCv4tEK8juJ4jZMUOqbsl$/6LRluAaKwbm4i6YQq6DWGLjf2lbhZcPEL+3EhLhAuo=	2025-01-27 18:11:21.51033+00	f	Artem			burnashoff2016@yandex.ru	f	t	2025-01-26 04:55:11.930801+00
\.


--
-- Data for Name: accounts_customuser_groups; Type: TABLE DATA; Schema: public; Owner: artem
--

COPY public.accounts_customuser_groups (id, customuser_id, group_id) FROM stdin;
\.


--
-- Data for Name: accounts_customuser_user_permissions; Type: TABLE DATA; Schema: public; Owner: artem
--

COPY public.accounts_customuser_user_permissions (id, customuser_id, permission_id) FROM stdin;
\.


--
-- Data for Name: accounts_userprofile; Type: TABLE DATA; Schema: public; Owner: artem
--

COPY public.accounts_userprofile (id, bio, avatar, date_of_birth, location, user_id) FROM stdin;
3	Администратор		2003-02-10	Москва	1
\.


--
-- Data for Name: auth_group; Type: TABLE DATA; Schema: public; Owner: artem
--

COPY public.auth_group (id, name) FROM stdin;
\.


--
-- Data for Name: auth_group_permissions; Type: TABLE DATA; Schema: public; Owner: artem
--

COPY public.auth_group_permissions (id, group_id, permission_id) FROM stdin;
\.


--
-- Data for Name: auth_permission; Type: TABLE DATA; Schema: public; Owner: artem
--

COPY public.auth_permission (id, name, content_type_id, codename) FROM stdin;
1	Can add log entry	1	add_logentry
2	Can change log entry	1	change_logentry
3	Can delete log entry	1	delete_logentry
4	Can view log entry	1	view_logentry
5	Can add permission	2	add_permission
6	Can change permission	2	change_permission
7	Can delete permission	2	delete_permission
8	Can view permission	2	view_permission
9	Can add group	3	add_group
10	Can change group	3	change_group
11	Can delete group	3	delete_group
12	Can view group	3	view_group
13	Can add content type	4	add_contenttype
14	Can change content type	4	change_contenttype
15	Can delete content type	4	delete_contenttype
16	Can view content type	4	view_contenttype
17	Can add session	5	add_session
18	Can change session	5	change_session
19	Can delete session	5	delete_session
20	Can view session	5	view_session
21	Can add user	6	add_customuser
22	Can change user	6	change_customuser
23	Can delete user	6	delete_customuser
24	Can view user	6	view_customuser
25	Can add user profile	7	add_userprofile
26	Can change user profile	7	change_userprofile
27	Can delete user profile	7	delete_userprofile
28	Can view user profile	7	view_userprofile
\.


--
-- Data for Name: django_admin_log; Type: TABLE DATA; Schema: public; Owner: artem
--

COPY public.django_admin_log (id, action_time, object_id, object_repr, action_flag, change_message, content_type_id, user_id) FROM stdin;
\.


--
-- Data for Name: django_content_type; Type: TABLE DATA; Schema: public; Owner: artem
--

COPY public.django_content_type (id, app_label, model) FROM stdin;
1	admin	logentry
2	auth	permission
3	auth	group
4	contenttypes	contenttype
5	sessions	session
6	accounts	customuser
7	accounts	userprofile
\.


--
-- Data for Name: django_migrations; Type: TABLE DATA; Schema: public; Owner: artem
--

COPY public.django_migrations (id, app, name, applied) FROM stdin;
1	contenttypes	0001_initial	2025-01-25 21:08:51.638973+00
2	contenttypes	0002_remove_content_type_name	2025-01-25 21:08:51.645787+00
3	auth	0001_initial	2025-01-25 21:08:51.692203+00
4	auth	0002_alter_permission_name_max_length	2025-01-25 21:08:51.699577+00
5	auth	0003_alter_user_email_max_length	2025-01-25 21:08:51.706066+00
6	auth	0004_alter_user_username_opts	2025-01-25 21:08:51.712536+00
7	auth	0005_alter_user_last_login_null	2025-01-25 21:08:51.718942+00
8	auth	0006_require_contenttypes_0002	2025-01-25 21:08:51.720805+00
9	auth	0007_alter_validators_add_error_messages	2025-01-25 21:08:51.72647+00
10	auth	0008_alter_user_username_max_length	2025-01-25 21:08:51.732859+00
11	auth	0009_alter_user_last_name_max_length	2025-01-25 21:08:51.739421+00
12	auth	0010_alter_group_name_max_length	2025-01-25 21:08:51.747219+00
13	auth	0011_update_proxy_permissions	2025-01-25 21:08:51.753102+00
14	auth	0012_alter_user_first_name_max_length	2025-01-25 21:08:51.7593+00
15	accounts	0001_initial	2025-01-25 21:08:51.79688+00
16	admin	0001_initial	2025-01-25 21:08:51.82029+00
17	admin	0002_logentry_remove_auto_add	2025-01-25 21:08:51.828345+00
18	admin	0003_logentry_add_action_flag_choices	2025-01-25 21:08:51.83647+00
19	chatapp	0001_initial	2025-01-25 21:08:51.85391+00
20	chatapp	0002_delete_document	2025-01-25 21:08:51.857217+00
21	sessions	0001_initial	2025-01-25 21:08:51.868886+00
22	accounts	0002_userprofile	2025-01-26 03:12:29.147634+00
\.


--
-- Data for Name: django_session; Type: TABLE DATA; Schema: public; Owner: artem
--

COPY public.django_session (session_key, session_data, expire_date) FROM stdin;
v5096jebk3q6mgsbz1v1uauqbubyltos	.eJxVjDEOwjAMRe-SGUW1IYnDyM4ZKrtxSQElUtNOiLtDpQ6w_vfef5me1yX3a9O5n5I5GzCH3014eGjZQLpzuVU71LLMk9hNsTtt9lqTPi-7-3eQueVvffQ4Cp6IuQuAGNERORc8EJFgl-IYPaJGoRjYYVAJHL0LCgCCAub9AaV-NmY:1tcF7n:BwzZ0Aval2E1c0LlrzG9tJ9cHTL2Bur_Wpgkw1jZ7oY	2025-02-10 02:45:19.890926+00
1phf951ppa8qn1431vf2chtzbh4pe2yi	.eJzVVtuK2zAQ_RWTpxaKK41lW85j3_sHASP50uy2OJA4UCj99zqa8fo4TrxtyRaqgCJLmpkzd_3YlO7c78vzqTmWT_Vmu9GbD7jnXfW16S4H9bPrvhzi6tD1xycfX67EcnqKPx_q5tsnuTtjsHen_UCdZNR6MtY5lWuiglJr0zTPtLXWk6qLtsiImsLbIncp5Y3PXZGleaO19uQvqJrv_dFVfVOX_bAceO7OypC5zEkaZlgbFdY8-7BThXUd5oZvRuEvmbaMDnMC7NTETk4p7BMIru-xZoIG2GWAke6RNUCMiuRwSoAOsawry6qZHFingAutycRWdrpJqPFgDAsUYsi_0gHFmZbFUTjR4S7padbhli5gx4U53Kc2mj7wQAftdMCqq4nRSFADD5AsZDXsJLwOZJTCQc78ruFRUFSTCGBb2gh5weUEpAKaG6xSQIb4ighM44Fp8LJmRl5wtOAiwdSCDdJJMbG7uZYtmDjC_thpM8jIG9bClO2QATvLSvAXx9AsS-20ltCnt0t61oEJJA-ZaQa54COwtJyjCxQI8gtxs_wQIxOEnpfo6IBGsUQHRgDNMBXllAN7hgeujtaMghDlPIZAmDm3WCw7mcMP41jcTssQAFdruMoSgoLKD7Ebvc2YEGLULAujBISKzLp1FTQCsaWDtb_2-ZiIEIZjlXygyoZilcSKc4GrAmIfAwcg2tup9aLMA8FBqOX3cszAJYZZYXZh84GOdzuVRCJKqabbRi0ap7DRd8AlGAWQ4JLmfhuVMgbZ5crYdeunD7W4Bp_PlOVw92h9VM1dF5EEnztQf-fvk2hduYt6i2KxbAgZ1ApugNwWuBWt1EcpUK9g-N-HtAl4tS1dNKbMqvuFAB94DwiCdrsa_jh---K_HPhKvdcnpQHM3tpoLag0YmqzsOWsJn-Ej_TBvKWV8V8OAVEs_Ri_mjy7PvzCG-Glzgy9e-7LiBSVUjcHnu-gXmIMtYCA63r1fvPzF34kIpA:1tcFGD:N5dS_-c_SM7Cj6yL0JxhlZyOFHnWYdTcTVLH60HwCqM	2025-02-10 02:54:01.910158+00
obarbljdg9hhjxm8pkeuert24p14bie9	.eJxVjDEOwjAMRe-SGUW1IYnDyM4ZKrtxSQElUtNOiLtDpQ6w_vfef5me1yX3a9O5n5I5GzCH3014eGjZQLpzuVU71LLMk9hNsTtt9lqTPi-7-3eQueVvffQ4Cp6IuQuAGNERORc8EJFgl-IYPaJGoRjYYVAJHL0LCgCCAub9AaV-NmY:1tcRwF:MyhgYHITx5scBblvNtwy2Acn_KYPXEwIE2xKkGqBFcc	2025-02-10 16:26:15.003688+00
5bikzp8qn5p0zhesma0tzg7nu6bidk4p	.eJxVjEEOwiAQRe_C2pCBmQJ16d4zNDNApWpKUtqV8e7apAvd_vfef6mBt7UMW8vLMCV1Vkadfjfh-MjzDtKd51vVsc7rMoneFX3Qpq815eflcP8OCrfyrYEQ-gTem0Cpc11PHYJPgIhiewdoRhJPwWVmm0mCmMAuSiDkaEev3h-YOzaq:1tbslx:wzj5tspXF55otAJSnapX-xUlzwPcnP_AHK3XVzb44sk	2025-02-09 02:53:17.363825+00
16upj4xlp3s9r6ddu3jvn191mgjgqfyr	.eJxVjDEOwjAMRe-SGUW1IYnDyM4ZKrtxSQElUtNOiLtDpQ6w_vfef5me1yX3a9O5n5I5GzCH3014eGjZQLpzuVU71LLMk9hNsTtt9lqTPi-7-3eQueVvffQ4Cp6IuQuAGNERORc8EJFgl-IYPaJGoRjYYVAJHL0LCgCCAub9AaV-NmY:1tcT42:nOok0TtzPmbg0R7Ybxgy8wrwBKKvCjh6jCTTWQYkCes	2025-02-10 17:38:22.349454+00
34fbpkwkcl9383qjqobcrgu8m7hinqsd	.eJxVjDEOwjAMRe-SGUW1IYnDyM4ZKrtxSQElUtNOiLtDpQ6w_vfef5me1yX3a9O5n5I5GzCH3014eGjZQLpzuVU71LLMk9hNsTtt9lqTPi-7-3eQueVvffQ4Cp6IuQuAGNERORc8EJFgl-IYPaJGoRjYYVAJHL0LCgCCAub9AaV-NmY:1tcTXY:6CeBs9qR-z7dRj4Y1rKpdTnNnomn-I9s2vRNavP_w7c	2025-02-10 18:08:52.19248+00
7ex95ukno8m5q5134l1dcgsm116ixdvs	e30:1tbuQN:VilHzUGmOsjRkyDJz92pMgsyuTi6aLmnKYL9E4nEdQ4	2025-02-09 04:39:07.728315+00
qr7r9lm7h5ctzyb9qujijqqc82akpe88	.eJxVjDEOwjAMRe-SGUW1IYnDyM4ZKrtxSQElUtNOiLtDpQ6w_vfef5me1yX3a9O5n5I5GzCH3014eGjZQLpzuVU71LLMk9hNsTtt9lqTPi-7-3eQueVvffQ4Cp6IuQuAGNERORc8EJFgl-IYPaJGoRjYYVAJHL0LCgCCAub9AaV-NmY:1tbx59:o1Z_yUCp9OxlC11dScb9iiP_TPAR99pWYo6I1XrOJzM	2025-02-09 07:29:23.677067+00
9nmawu0vwo1mr1ap58h6lw7njci7krqj	.eJxVjDEOwjAMRe-SGUW1IYnDyM4ZKrtxSQElUtNOiLtDpQ6w_vfef5me1yX3a9O5n5I5GzCH3014eGjZQLpzuVU71LLMk9hNsTtt9lqTPi-7-3eQueVvffQ4Cp6IuQuAGNERORc8EJFgl-IYPaJGoRjYYVAJHL0LCgCCAub9AaV-NmY:1tcCZs:gho31fJyI2Ppcrmbndi6tQQKptoUjaHBX5g2cer88Dc	2025-02-10 00:02:08.359508+00
15e68huy63w35ga8ezesmtol2uy5fl8v	.eJxVjDEOwjAMRe-SGUW1IYnDyM4ZKrtxSQElUtNOiLtDpQ6w_vfef5me1yX3a9O5n5I5GzCH3014eGjZQLpzuVU71LLMk9hNsTtt9lqTPi-7-3eQueVvffQ4Cp6IuQuAGNERORc8EJFgl-IYPaJGoRjYYVAJHL0LCgCCAub9AaV-NmY:1tcCp2:nj8d-_3JXFEDdNe80HwaE4gTFhFeMDGzwW5YH3Ep3X8	2025-02-10 00:17:48.545155+00
yxxe4kuldfhk2qg4dv9hy3tajjsssqlx	.eJxVjDEOwjAMRe-SGUW1IYnDyM4ZKrtxSQElUtNOiLtDpQ6w_vfef5me1yX3a9O5n5I5GzCH3014eGjZQLpzuVU71LLMk9hNsTtt9lqTPi-7-3eQueVvffQ4Cp6IuQuAGNERORc8EJFgl-IYPaJGoRjYYVAJHL0LCgCCAub9AaV-NmY:1tcCpY:kxgbukytkF_-ZFbkLcWbZJyGNCf6ai6GqMcQZLoWygk	2025-02-10 00:18:20.976574+00
x80mjqbpctztyy186qs9twydcrdjta5n	.eJxVjDEOwjAMRe-SGUW1IYnDyM4ZKrtxSQElUtNOiLtDpQ6w_vfef5me1yX3a9O5n5I5GzCH3014eGjZQLpzuVU71LLMk9hNsTtt9lqTPi-7-3eQueVvffQ4Cp6IuQuAGNERORc8EJFgl-IYPaJGoRjYYVAJHL0LCgCCAub9AaV-NmY:1tcCqz:SMFh54hpDBXIFi3fhMUp2m0SjJPJNVUDrCJK7DnU9GA	2025-02-10 00:19:49.299765+00
jz21asnevqxccivh7jh075v2zn9jn07l	.eJxVjDEOwjAMRe-SGUW1IYnDyM4ZKrtxSQElUtNOiLtDpQ6w_vfef5me1yX3a9O5n5I5GzCH3014eGjZQLpzuVU71LLMk9hNsTtt9lqTPi-7-3eQueVvffQ4Cp6IuQuAGNERORc8EJFgl-IYPaJGoRjYYVAJHL0LCgCCAub9AaV-NmY:1tcCtz:aQVmLRmNxGzXvOJGeEgAmeO5kRPdNk1HNNJYjArXluw	2025-02-10 00:22:55.224808+00
qzrozi0yxl6qkbxxl3ipkds8w676m7pj	.eJxVjDEOwjAMRe-SGUW1IYnDyM4ZKrtxSQElUtNOiLtDpQ6w_vfef5me1yX3a9O5n5I5GzCH3014eGjZQLpzuVU71LLMk9hNsTtt9lqTPi-7-3eQueVvffQ4Cp6IuQuAGNERORc8EJFgl-IYPaJGoRjYYVAJHL0LCgCCAub9AaV-NmY:1tcCuY:TlO0JV-BoTuqRvbyzj-rjOqVsLSK7S-wYfDwQQ3I2sI	2025-02-10 00:23:30.329705+00
lpo7cxb2qen19isnvriy82t993xbq7cp	.eJxVjDEOwjAMRe-SGUW1IYnDyM4ZKrtxSQElUtNOiLtDpQ6w_vfef5me1yX3a9O5n5I5GzCH3014eGjZQLpzuVU71LLMk9hNsTtt9lqTPi-7-3eQueVvffQ4Cp6IuQuAGNERORc8EJFgl-IYPaJGoRjYYVAJHL0LCgCCAub9AaV-NmY:1tcD1y:rmLbJc3nwczExMhNbfvI7DwBCZQ9QhhUu983x7MTNTA	2025-02-10 00:31:10.169829+00
giic1ou1l2a6cf7y40aq5i0d02usalm1	.eJxVjDEOwjAMRe-SGUW1IYnDyM4ZKrtxSQElUtNOiLtDpQ6w_vfef5me1yX3a9O5n5I5GzCH3014eGjZQLpzuVU71LLMk9hNsTtt9lqTPi-7-3eQueVvffQ4Cp6IuQuAGNERORc8EJFgl-IYPaJGoRjYYVAJHL0LCgCCAub9AaV-NmY:1tcDcU:KrGVeFhW4hmARcKLyokj5D1zt36nu81Fkrtbb_lUMSE	2025-02-10 01:08:54.42208+00
2qesdkpmdn1twz4erh6d64vpk3qo45nf	.eJxVjDEOwjAMRe-SGUW1IYnDyM4ZKrtxSQElUtNOiLtDpQ6w_vfef5me1yX3a9O5n5I5GzCH3014eGjZQLpzuVU71LLMk9hNsTtt9lqTPi-7-3eQueVvffQ4Cp6IuQuAGNERORc8EJFgl-IYPaJGoRjYYVAJHL0LCgCCAub9AaV-NmY:1tcDkx:bZU7WRiF9liCcpyP3mhfiKBQYeUjxuMDtsZe2W3zu-8	2025-02-10 01:17:39.125144+00
z37qxt4cdzkibdjcuiol7q8hrn1m12zm	.eJxVjDEOwjAMRe-SGUW1IYnDyM4ZKrtxSQElUtNOiLtDpQ6w_vfef5me1yX3a9O5n5I5GzCH3014eGjZQLpzuVU71LLMk9hNsTtt9lqTPi-7-3eQueVvffQ4Cp6IuQuAGNERORc8EJFgl-IYPaJGoRjYYVAJHL0LCgCCAub9AaV-NmY:1tcDlg:K2K4wGvJVSyVfRLre-DxZmnXgH6FjID73qPix42kVBg	2025-02-10 01:18:24.226105+00
kquuuidxv9lp3pik737v2mnq1ctwafll	.eJxVjDEOwjAMRe-SGUW1IYnDyM4ZKrtxSQElUtNOiLtDpQ6w_vfef5me1yX3a9O5n5I5GzCH3014eGjZQLpzuVU71LLMk9hNsTtt9lqTPi-7-3eQueVvffQ4Cp6IuQuAGNERORc8EJFgl-IYPaJGoRjYYVAJHL0LCgCCAub9AaV-NmY:1tcEbd:Fl3GfBhy9BTjon0lTgkbOWSSvL3aKoagQoajQvaWIEI	2025-02-10 02:12:05.886103+00
hk6xjwjx3f2oobg8lpnfdp6nh43dfw1e	.eJxVjDEOwjAMRe-SGUW1IYnDyM4ZKrtxSQElUtNOiLtDpQ6w_vfef5me1yX3a9O5n5I5GzCH3014eGjZQLpzuVU71LLMk9hNsTtt9lqTPi-7-3eQueVvffQ4Cp6IuQuAGNERORc8EJFgl-IYPaJGoRjYYVAJHL0LCgCCAub9AaV-NmY:1tcEfe:XTyUabylE_TKvPyHhdIh_TgubOwBNhSSVU9Sp4Nc2bE	2025-02-10 02:16:14.458032+00
1lzt659eip3bvlv98ho5yremf1r0xkfc	.eJxVjDEOwjAMRe-SGUW1IYnDyM4ZKrtxSQElUtNOiLtDpQ6w_vfef5me1yX3a9O5n5I5GzCH3014eGjZQLpzuVU71LLMk9hNsTtt9lqTPi-7-3eQueVvffQ4Cp6IuQuAGNERORc8EJFgl-IYPaJGoRjYYVAJHL0LCgCCAub9AaV-NmY:1tcEku:-zhZIU2SKVSsvrGPdh8MwIjE1bgc4X9h6MPhGzeY-dY	2025-02-10 02:21:40.144541+00
b57n79uh02j1q4orex8kwwnny8pnlkcz	.eJxVjDEOwjAMRe-SGUW1IYnDyM4ZKrtxSQElUtNOiLtDpQ6w_vfef5me1yX3a9O5n5I5GzCH3014eGjZQLpzuVU71LLMk9hNsTtt9lqTPi-7-3eQueVvffQ4Cp6IuQuAGNERORc8EJFgl-IYPaJGoRjYYVAJHL0LCgCCAub9AaV-NmY:1tcEzc:N1ZLd180MMkTHjcJWyAw39UlGsiEnU2BqjNyUnvpWBA	2025-02-10 02:36:52.745266+00
6thbcw6cvtjhzk6we43mgvjuidk8it8x	.eJxVjDEOwjAMRe-SGUW1IYnDyM4ZKrtxSQElUtNOiLtDpQ6w_vfef5me1yX3a9O5n5I5GzCH3014eGjZQLpzuVU71LLMk9hNsTtt9lqTPi-7-3eQueVvffQ4Cp6IuQuAGNERORc8EJFgl-IYPaJGoRjYYVAJHL0LCgCCAub9AaV-NmY:1tcRvb:KpyHUgIqDBWuVX2IPFcuae1QxNcarXNC6fAscHGVXWQ	2025-02-10 16:25:36.000026+00
gkjy8og52cfv56iuqanrmt3txsfeycsi	.eJxVjDEOwjAMRe-SGUW1IYnDyM4ZKrtxSQElUtNOiLtDpQ6w_vfef5me1yX3a9O5n5I5GzCH3014eGjZQLpzuVU71LLMk9hNsTtt9lqTPi-7-3eQueVvffQ4Cp6IuQuAGNERORc8EJFgl-IYPaJGoRjYYVAJHL0LCgCCAub9AaV-NmY:1tcTOn:qF84Mu6D4qs7cf60nU3LC_0FMe2umEVTIpESMdeFDj8	2025-02-10 17:59:49.086549+00
hw948ae6w3m5vyts940f9rzlwr1jvodd	.eJxVjDEOwjAMRe-SGUW1IYnDyM4ZKrtxSQElUtNOiLtDpQ6w_vfef5me1yX3a9O5n5I5GzCH3014eGjZQLpzuVU71LLMk9hNsTtt9lqTPi-7-3eQueVvffQ4Cp6IuQuAGNERORc8EJFgl-IYPaJGoRjYYVAJHL0LCgCCAub9AaV-NmY:1tcTZx:qjQhMRYxxpr0OZWQUoVjM4r-eENJckGm81Ebj91FJ3w	2025-02-10 18:11:21.516672+00
\.


--
-- Name: accounts_customuser_groups_id_seq; Type: SEQUENCE SET; Schema: public; Owner: artem
--

SELECT pg_catalog.setval('public.accounts_customuser_groups_id_seq', 1, false);


--
-- Name: accounts_customuser_id_seq; Type: SEQUENCE SET; Schema: public; Owner: artem
--

SELECT pg_catalog.setval('public.accounts_customuser_id_seq', 1, true);


--
-- Name: accounts_customuser_user_permissions_id_seq; Type: SEQUENCE SET; Schema: public; Owner: artem
--

SELECT pg_catalog.setval('public.accounts_customuser_user_permissions_id_seq', 1, false);


--
-- Name: accounts_userprofile_id_seq; Type: SEQUENCE SET; Schema: public; Owner: artem
--

SELECT pg_catalog.setval('public.accounts_userprofile_id_seq', 3, true);


--
-- Name: auth_group_id_seq; Type: SEQUENCE SET; Schema: public; Owner: artem
--

SELECT pg_catalog.setval('public.auth_group_id_seq', 1, false);


--
-- Name: auth_group_permissions_id_seq; Type: SEQUENCE SET; Schema: public; Owner: artem
--

SELECT pg_catalog.setval('public.auth_group_permissions_id_seq', 1, false);


--
-- Name: auth_permission_id_seq; Type: SEQUENCE SET; Schema: public; Owner: artem
--

SELECT pg_catalog.setval('public.auth_permission_id_seq', 28, true);


--
-- Name: django_admin_log_id_seq; Type: SEQUENCE SET; Schema: public; Owner: artem
--

SELECT pg_catalog.setval('public.django_admin_log_id_seq', 1, false);


--
-- Name: django_content_type_id_seq; Type: SEQUENCE SET; Schema: public; Owner: artem
--

SELECT pg_catalog.setval('public.django_content_type_id_seq', 7, true);


--
-- Name: django_migrations_id_seq; Type: SEQUENCE SET; Schema: public; Owner: artem
--

SELECT pg_catalog.setval('public.django_migrations_id_seq', 22, true);


--
-- Name: accounts_customuser_groups accounts_customuser_groups_customuser_id_group_id_c074bdcb_uniq; Type: CONSTRAINT; Schema: public; Owner: artem
--

ALTER TABLE ONLY public.accounts_customuser_groups
    ADD CONSTRAINT accounts_customuser_groups_customuser_id_group_id_c074bdcb_uniq UNIQUE (customuser_id, group_id);


--
-- Name: accounts_customuser_groups accounts_customuser_groups_pkey; Type: CONSTRAINT; Schema: public; Owner: artem
--

ALTER TABLE ONLY public.accounts_customuser_groups
    ADD CONSTRAINT accounts_customuser_groups_pkey PRIMARY KEY (id);


--
-- Name: accounts_customuser accounts_customuser_pkey; Type: CONSTRAINT; Schema: public; Owner: artem
--

ALTER TABLE ONLY public.accounts_customuser
    ADD CONSTRAINT accounts_customuser_pkey PRIMARY KEY (id);


--
-- Name: accounts_customuser_user_permissions accounts_customuser_user_customuser_id_permission_9632a709_uniq; Type: CONSTRAINT; Schema: public; Owner: artem
--

ALTER TABLE ONLY public.accounts_customuser_user_permissions
    ADD CONSTRAINT accounts_customuser_user_customuser_id_permission_9632a709_uniq UNIQUE (customuser_id, permission_id);


--
-- Name: accounts_customuser_user_permissions accounts_customuser_user_permissions_pkey; Type: CONSTRAINT; Schema: public; Owner: artem
--

ALTER TABLE ONLY public.accounts_customuser_user_permissions
    ADD CONSTRAINT accounts_customuser_user_permissions_pkey PRIMARY KEY (id);


--
-- Name: accounts_customuser accounts_customuser_username_key; Type: CONSTRAINT; Schema: public; Owner: artem
--

ALTER TABLE ONLY public.accounts_customuser
    ADD CONSTRAINT accounts_customuser_username_key UNIQUE (username);


--
-- Name: accounts_userprofile accounts_userprofile_pkey; Type: CONSTRAINT; Schema: public; Owner: artem
--

ALTER TABLE ONLY public.accounts_userprofile
    ADD CONSTRAINT accounts_userprofile_pkey PRIMARY KEY (id);


--
-- Name: accounts_userprofile accounts_userprofile_user_id_key; Type: CONSTRAINT; Schema: public; Owner: artem
--

ALTER TABLE ONLY public.accounts_userprofile
    ADD CONSTRAINT accounts_userprofile_user_id_key UNIQUE (user_id);


--
-- Name: auth_group auth_group_name_key; Type: CONSTRAINT; Schema: public; Owner: artem
--

ALTER TABLE ONLY public.auth_group
    ADD CONSTRAINT auth_group_name_key UNIQUE (name);


--
-- Name: auth_group_permissions auth_group_permissions_group_id_permission_id_0cd325b0_uniq; Type: CONSTRAINT; Schema: public; Owner: artem
--

ALTER TABLE ONLY public.auth_group_permissions
    ADD CONSTRAINT auth_group_permissions_group_id_permission_id_0cd325b0_uniq UNIQUE (group_id, permission_id);


--
-- Name: auth_group_permissions auth_group_permissions_pkey; Type: CONSTRAINT; Schema: public; Owner: artem
--

ALTER TABLE ONLY public.auth_group_permissions
    ADD CONSTRAINT auth_group_permissions_pkey PRIMARY KEY (id);


--
-- Name: auth_group auth_group_pkey; Type: CONSTRAINT; Schema: public; Owner: artem
--

ALTER TABLE ONLY public.auth_group
    ADD CONSTRAINT auth_group_pkey PRIMARY KEY (id);


--
-- Name: auth_permission auth_permission_content_type_id_codename_01ab375a_uniq; Type: CONSTRAINT; Schema: public; Owner: artem
--

ALTER TABLE ONLY public.auth_permission
    ADD CONSTRAINT auth_permission_content_type_id_codename_01ab375a_uniq UNIQUE (content_type_id, codename);


--
-- Name: auth_permission auth_permission_pkey; Type: CONSTRAINT; Schema: public; Owner: artem
--

ALTER TABLE ONLY public.auth_permission
    ADD CONSTRAINT auth_permission_pkey PRIMARY KEY (id);


--
-- Name: django_admin_log django_admin_log_pkey; Type: CONSTRAINT; Schema: public; Owner: artem
--

ALTER TABLE ONLY public.django_admin_log
    ADD CONSTRAINT django_admin_log_pkey PRIMARY KEY (id);


--
-- Name: django_content_type django_content_type_app_label_model_76bd3d3b_uniq; Type: CONSTRAINT; Schema: public; Owner: artem
--

ALTER TABLE ONLY public.django_content_type
    ADD CONSTRAINT django_content_type_app_label_model_76bd3d3b_uniq UNIQUE (app_label, model);


--
-- Name: django_content_type django_content_type_pkey; Type: CONSTRAINT; Schema: public; Owner: artem
--

ALTER TABLE ONLY public.django_content_type
    ADD CONSTRAINT django_content_type_pkey PRIMARY KEY (id);


--
-- Name: django_migrations django_migrations_pkey; Type: CONSTRAINT; Schema: public; Owner: artem
--

ALTER TABLE ONLY public.django_migrations
    ADD CONSTRAINT django_migrations_pkey PRIMARY KEY (id);


--
-- Name: django_session django_session_pkey; Type: CONSTRAINT; Schema: public; Owner: artem
--

ALTER TABLE ONLY public.django_session
    ADD CONSTRAINT django_session_pkey PRIMARY KEY (session_key);


--
-- Name: accounts_customuser_groups_customuser_id_bc55088e; Type: INDEX; Schema: public; Owner: artem
--

CREATE INDEX accounts_customuser_groups_customuser_id_bc55088e ON public.accounts_customuser_groups USING btree (customuser_id);


--
-- Name: accounts_customuser_groups_group_id_86ba5f9e; Type: INDEX; Schema: public; Owner: artem
--

CREATE INDEX accounts_customuser_groups_group_id_86ba5f9e ON public.accounts_customuser_groups USING btree (group_id);


--
-- Name: accounts_customuser_user_permissions_customuser_id_0deaefae; Type: INDEX; Schema: public; Owner: artem
--

CREATE INDEX accounts_customuser_user_permissions_customuser_id_0deaefae ON public.accounts_customuser_user_permissions USING btree (customuser_id);


--
-- Name: accounts_customuser_user_permissions_permission_id_aea3d0e5; Type: INDEX; Schema: public; Owner: artem
--

CREATE INDEX accounts_customuser_user_permissions_permission_id_aea3d0e5 ON public.accounts_customuser_user_permissions USING btree (permission_id);


--
-- Name: accounts_customuser_username_722f3555_like; Type: INDEX; Schema: public; Owner: artem
--

CREATE INDEX accounts_customuser_username_722f3555_like ON public.accounts_customuser USING btree (username varchar_pattern_ops);


--
-- Name: auth_group_name_a6ea08ec_like; Type: INDEX; Schema: public; Owner: artem
--

CREATE INDEX auth_group_name_a6ea08ec_like ON public.auth_group USING btree (name varchar_pattern_ops);


--
-- Name: auth_group_permissions_group_id_b120cbf9; Type: INDEX; Schema: public; Owner: artem
--

CREATE INDEX auth_group_permissions_group_id_b120cbf9 ON public.auth_group_permissions USING btree (group_id);


--
-- Name: auth_group_permissions_permission_id_84c5c92e; Type: INDEX; Schema: public; Owner: artem
--

CREATE INDEX auth_group_permissions_permission_id_84c5c92e ON public.auth_group_permissions USING btree (permission_id);


--
-- Name: auth_permission_content_type_id_2f476e4b; Type: INDEX; Schema: public; Owner: artem
--

CREATE INDEX auth_permission_content_type_id_2f476e4b ON public.auth_permission USING btree (content_type_id);


--
-- Name: django_admin_log_content_type_id_c4bce8eb; Type: INDEX; Schema: public; Owner: artem
--

CREATE INDEX django_admin_log_content_type_id_c4bce8eb ON public.django_admin_log USING btree (content_type_id);


--
-- Name: django_admin_log_user_id_c564eba6; Type: INDEX; Schema: public; Owner: artem
--

CREATE INDEX django_admin_log_user_id_c564eba6 ON public.django_admin_log USING btree (user_id);


--
-- Name: django_session_expire_date_a5c62663; Type: INDEX; Schema: public; Owner: artem
--

CREATE INDEX django_session_expire_date_a5c62663 ON public.django_session USING btree (expire_date);


--
-- Name: django_session_session_key_c0390e0f_like; Type: INDEX; Schema: public; Owner: artem
--

CREATE INDEX django_session_session_key_c0390e0f_like ON public.django_session USING btree (session_key varchar_pattern_ops);


--
-- Name: accounts_customuser_user_permissions accounts_customuser__customuser_id_0deaefae_fk_accounts_; Type: FK CONSTRAINT; Schema: public; Owner: artem
--

ALTER TABLE ONLY public.accounts_customuser_user_permissions
    ADD CONSTRAINT accounts_customuser__customuser_id_0deaefae_fk_accounts_ FOREIGN KEY (customuser_id) REFERENCES public.accounts_customuser(id) DEFERRABLE INITIALLY DEFERRED;


--
-- Name: accounts_customuser_groups accounts_customuser__customuser_id_bc55088e_fk_accounts_; Type: FK CONSTRAINT; Schema: public; Owner: artem
--

ALTER TABLE ONLY public.accounts_customuser_groups
    ADD CONSTRAINT accounts_customuser__customuser_id_bc55088e_fk_accounts_ FOREIGN KEY (customuser_id) REFERENCES public.accounts_customuser(id) DEFERRABLE INITIALLY DEFERRED;


--
-- Name: accounts_customuser_user_permissions accounts_customuser__permission_id_aea3d0e5_fk_auth_perm; Type: FK CONSTRAINT; Schema: public; Owner: artem
--

ALTER TABLE ONLY public.accounts_customuser_user_permissions
    ADD CONSTRAINT accounts_customuser__permission_id_aea3d0e5_fk_auth_perm FOREIGN KEY (permission_id) REFERENCES public.auth_permission(id) DEFERRABLE INITIALLY DEFERRED;


--
-- Name: accounts_customuser_groups accounts_customuser_groups_group_id_86ba5f9e_fk_auth_group_id; Type: FK CONSTRAINT; Schema: public; Owner: artem
--

ALTER TABLE ONLY public.accounts_customuser_groups
    ADD CONSTRAINT accounts_customuser_groups_group_id_86ba5f9e_fk_auth_group_id FOREIGN KEY (group_id) REFERENCES public.auth_group(id) DEFERRABLE INITIALLY DEFERRED;


--
-- Name: accounts_userprofile accounts_userprofile_user_id_92240672_fk_accounts_customuser_id; Type: FK CONSTRAINT; Schema: public; Owner: artem
--

ALTER TABLE ONLY public.accounts_userprofile
    ADD CONSTRAINT accounts_userprofile_user_id_92240672_fk_accounts_customuser_id FOREIGN KEY (user_id) REFERENCES public.accounts_customuser(id) DEFERRABLE INITIALLY DEFERRED;


--
-- Name: auth_group_permissions auth_group_permissio_permission_id_84c5c92e_fk_auth_perm; Type: FK CONSTRAINT; Schema: public; Owner: artem
--

ALTER TABLE ONLY public.auth_group_permissions
    ADD CONSTRAINT auth_group_permissio_permission_id_84c5c92e_fk_auth_perm FOREIGN KEY (permission_id) REFERENCES public.auth_permission(id) DEFERRABLE INITIALLY DEFERRED;


--
-- Name: auth_group_permissions auth_group_permissions_group_id_b120cbf9_fk_auth_group_id; Type: FK CONSTRAINT; Schema: public; Owner: artem
--

ALTER TABLE ONLY public.auth_group_permissions
    ADD CONSTRAINT auth_group_permissions_group_id_b120cbf9_fk_auth_group_id FOREIGN KEY (group_id) REFERENCES public.auth_group(id) DEFERRABLE INITIALLY DEFERRED;


--
-- Name: auth_permission auth_permission_content_type_id_2f476e4b_fk_django_co; Type: FK CONSTRAINT; Schema: public; Owner: artem
--

ALTER TABLE ONLY public.auth_permission
    ADD CONSTRAINT auth_permission_content_type_id_2f476e4b_fk_django_co FOREIGN KEY (content_type_id) REFERENCES public.django_content_type(id) DEFERRABLE INITIALLY DEFERRED;


--
-- Name: django_admin_log django_admin_log_content_type_id_c4bce8eb_fk_django_co; Type: FK CONSTRAINT; Schema: public; Owner: artem
--

ALTER TABLE ONLY public.django_admin_log
    ADD CONSTRAINT django_admin_log_content_type_id_c4bce8eb_fk_django_co FOREIGN KEY (content_type_id) REFERENCES public.django_content_type(id) DEFERRABLE INITIALLY DEFERRED;


--
-- Name: django_admin_log django_admin_log_user_id_c564eba6_fk_accounts_customuser_id; Type: FK CONSTRAINT; Schema: public; Owner: artem
--

ALTER TABLE ONLY public.django_admin_log
    ADD CONSTRAINT django_admin_log_user_id_c564eba6_fk_accounts_customuser_id FOREIGN KEY (user_id) REFERENCES public.accounts_customuser(id) DEFERRABLE INITIALLY DEFERRED;


--
-- Name: SCHEMA public; Type: ACL; Schema: -; Owner: pg_database_owner
--

GRANT ALL ON SCHEMA public TO artem;


--
-- Name: DEFAULT PRIVILEGES FOR SEQUENCES; Type: DEFAULT ACL; Schema: public; Owner: postgres
--

ALTER DEFAULT PRIVILEGES FOR ROLE postgres IN SCHEMA public GRANT ALL ON SEQUENCES TO artem;


--
-- Name: DEFAULT PRIVILEGES FOR TABLES; Type: DEFAULT ACL; Schema: public; Owner: postgres
--

ALTER DEFAULT PRIVILEGES FOR ROLE postgres IN SCHEMA public GRANT ALL ON TABLES TO artem;


--
-- PostgreSQL database dump complete
--

